date, date_description,day,day_week,month,calendar_month,quarter,semester,year
2013/01/01,January 01 2013,01,Tuesday,01,January,1,1,2013
2013/01/02,January 02 2013,02,Wednesday,01,January,1,1,2013
2013/01/03,January 03 2013,03,Thursday,01,January,1,1,2013
2013/01/04,January 04 2013,04,Friday,01,January,1,1,2013
2013/01/05,January 05 2013,05,Saturday,01,January,1,1,2013
2013/01/06,January 06 2013,06,Sunday,01,January,1,1,2013
2013/01/07,January 07 2013,07,Monday,01,January,1,1,2013
2013/01/08,January 08 2013,08,Tuesday,01,January,1,1,2013
2013/01/09,January 09 2013,09,Wednesday,01,January,1,1,2013
2013/01/10,January 10 2013,10,Thursday,01,January,1,1,2013
2013/01/11,January 11 2013,11,Friday,01,January,1,1,2013
2013/01/12,January 12 2013,12,Saturday,01,January,1,1,2013
2013/01/13,January 13 2013,13,Sunday,01,January,1,1,2013
2013/01/14,January 14 2013,14,Monday,01,January,1,1,2013
2013/01/15,January 15 2013,15,Tuesday,01,January,1,1,2013
2013/01/16,January 16 2013,16,Wednesday,01,January,1,1,2013
2013/01/17,January 17 2013,17,Thursday,01,January,1,1,2013
2013/01/18,January 18 2013,18,Friday,01,January,1,1,2013
2013/01/19,January 19 2013,19,Saturday,01,January,1,1,2013
2013/01/20,January 20 2013,20,Sunday,01,January,1,1,2013
2013/01/21,January 21 2013,21,Monday,01,January,1,1,2013
2013/01/22,January 22 2013,22,Tuesday,01,January,1,1,2013
2013/01/23,January 23 2013,23,Wednesday,01,January,1,1,2013
2013/01/24,January 24 2013,24,Thursday,01,January,1,1,2013
2013/01/25,January 25 2013,25,Friday,01,January,1,1,2013
2013/01/26,January 26 2013,26,Saturday,01,January,1,1,2013
2013/01/27,January 27 2013,27,Sunday,01,January,1,1,2013
2013/01/28,January 28 2013,28,Monday,01,January,1,1,2013
2013/01/29,January 29 2013,29,Tuesday,01,January,1,1,2013
2013/01/30,January 30 2013,30,Wednesday,01,January,1,1,2013
2013/01/31,January 31 2013,31,Thursday,01,January,1,1,2013
2013/02/01,February 01 2013,01,Friday,02,February,1,1,2013
2013/02/02,February 02 2013,02,Saturday,02,February,1,1,2013
2013/02/03,February 03 2013,03,Sunday,02,February,1,1,2013
2013/02/04,February 04 2013,04,Monday,02,February,1,1,2013
2013/02/05,February 05 2013,05,Tuesday,02,February,1,1,2013
2013/02/06,February 06 2013,06,Wednesday,02,February,1,1,2013
2013/02/07,February 07 2013,07,Thursday,02,February,1,1,2013
2013/02/08,February 08 2013,08,Friday,02,February,1,1,2013
2013/02/09,February 09 2013,09,Saturday,02,February,1,1,2013
2013/02/10,February 10 2013,10,Sunday,02,February,1,1,2013
2013/02/11,February 11 2013,11,Monday,02,February,1,1,2013
2013/02/12,February 12 2013,12,Tuesday,02,February,1,1,2013
2013/02/13,February 13 2013,13,Wednesday,02,February,1,1,2013
2013/02/14,February 14 2013,14,Thursday,02,February,1,1,2013
2013/02/15,February 15 2013,15,Friday,02,February,1,1,2013
2013/02/16,February 16 2013,16,Saturday,02,February,1,1,2013
2013/02/17,February 17 2013,17,Sunday,02,February,1,1,2013
2013/02/18,February 18 2013,18,Monday,02,February,1,1,2013
2013/02/19,February 19 2013,19,Tuesday,02,February,1,1,2013
2013/02/20,February 20 2013,20,Wednesday,02,February,1,1,2013
2013/02/21,February 21 2013,21,Thursday,02,February,1,1,2013
2013/02/22,February 22 2013,22,Friday,02,February,1,1,2013
2013/02/23,February 23 2013,23,Saturday,02,February,1,1,2013
2013/02/24,February 24 2013,24,Sunday,02,February,1,1,2013
2013/02/25,February 25 2013,25,Monday,02,February,1,1,2013
2013/02/26,February 26 2013,26,Tuesday,02,February,1,1,2013
2013/02/27,February 27 2013,27,Wednesday,02,February,1,1,2013
2013/02/28,February 28 2013,28,Thursday,02,February,1,1,2013
2013/03/01,March 01 2013,01,Friday,03,March,1,1,2013
2013/03/02,March 02 2013,02,Saturday,03,March,1,1,2013
2013/03/03,March 03 2013,03,Sunday,03,March,1,1,2013
2013/03/04,March 04 2013,04,Monday,03,March,1,1,2013
2013/03/05,March 05 2013,05,Tuesday,03,March,1,1,2013
2013/03/06,March 06 2013,06,Wednesday,03,March,1,1,2013
2013/03/07,March 07 2013,07,Thursday,03,March,1,1,2013
2013/03/08,March 08 2013,08,Friday,03,March,1,1,2013
2013/03/09,March 09 2013,09,Saturday,03,March,1,1,2013
2013/03/10,March 10 2013,10,Sunday,03,March,1,1,2013
2013/03/11,March 11 2013,11,Monday,03,March,1,1,2013
2013/03/12,March 12 2013,12,Tuesday,03,March,1,1,2013
2013/03/13,March 13 2013,13,Wednesday,03,March,1,1,2013
2013/03/14,March 14 2013,14,Thursday,03,March,1,1,2013
2013/03/15,March 15 2013,15,Friday,03,March,1,1,2013
2013/03/16,March 16 2013,16,Saturday,03,March,1,1,2013
2013/03/17,March 17 2013,17,Sunday,03,March,1,1,2013
2013/03/18,March 18 2013,18,Monday,03,March,1,1,2013
2013/03/19,March 19 2013,19,Tuesday,03,March,1,1,2013
2013/03/20,March 20 2013,20,Wednesday,03,March,1,1,2013
2013/03/21,March 21 2013,21,Thursday,03,March,1,1,2013
2013/03/22,March 22 2013,22,Friday,03,March,1,1,2013
2013/03/23,March 23 2013,23,Saturday,03,March,1,1,2013
2013/03/24,March 24 2013,24,Sunday,03,March,1,1,2013
2013/03/25,March 25 2013,25,Monday,03,March,1,1,2013
2013/03/26,March 26 2013,26,Tuesday,03,March,1,1,2013
2013/03/27,March 27 2013,27,Wednesday,03,March,1,1,2013
2013/03/28,March 28 2013,28,Thursday,03,March,1,1,2013
2013/03/29,March 29 2013,29,Friday,03,March,1,1,2013
2013/03/30,March 30 2013,30,Saturday,03,March,1,1,2013
2013/03/31,March 31 2013,31,Sunday,03,March,1,1,2013
2013/04/01,April 01 2013,01,Monday,04,April,2,1,2013
2013/04/02,April 02 2013,02,Tuesday,04,April,2,1,2013
2013/04/03,April 03 2013,03,Wednesday,04,April,2,1,2013
2013/04/04,April 04 2013,04,Thursday,04,April,2,1,2013
2013/04/05,April 05 2013,05,Friday,04,April,2,1,2013
2013/04/06,April 06 2013,06,Saturday,04,April,2,1,2013
2013/04/07,April 07 2013,07,Sunday,04,April,2,1,2013
2013/04/08,April 08 2013,08,Monday,04,April,2,1,2013
2013/04/09,April 09 2013,09,Tuesday,04,April,2,1,2013
2013/04/10,April 10 2013,10,Wednesday,04,April,2,1,2013
2013/04/11,April 11 2013,11,Thursday,04,April,2,1,2013
2013/04/12,April 12 2013,12,Friday,04,April,2,1,2013
2013/04/13,April 13 2013,13,Saturday,04,April,2,1,2013
2013/04/14,April 14 2013,14,Sunday,04,April,2,1,2013
2013/04/15,April 15 2013,15,Monday,04,April,2,1,2013
2013/04/16,April 16 2013,16,Tuesday,04,April,2,1,2013
2013/04/17,April 17 2013,17,Wednesday,04,April,2,1,2013
2013/04/18,April 18 2013,18,Thursday,04,April,2,1,2013
2013/04/19,April 19 2013,19,Friday,04,April,2,1,2013
2013/04/20,April 20 2013,20,Saturday,04,April,2,1,2013
2013/04/21,April 21 2013,21,Sunday,04,April,2,1,2013
2013/04/22,April 22 2013,22,Monday,04,April,2,1,2013
2013/04/23,April 23 2013,23,Tuesday,04,April,2,1,2013
2013/04/24,April 24 2013,24,Wednesday,04,April,2,1,2013
2013/04/25,April 25 2013,25,Thursday,04,April,2,1,2013
2013/04/26,April 26 2013,26,Friday,04,April,2,1,2013
2013/04/27,April 27 2013,27,Saturday,04,April,2,1,2013
2013/04/28,April 28 2013,28,Sunday,04,April,2,1,2013
2013/04/29,April 29 2013,29,Monday,04,April,2,1,2013
2013/04/30,April 30 2013,30,Tuesday,04,April,2,1,2013
2013/05/01,May 01 2013,01,Wednesday,05,May,2,1,2013
2013/05/02,May 02 2013,02,Thursday,05,May,2,1,2013
2013/05/03,May 03 2013,03,Friday,05,May,2,1,2013
2013/05/04,May 04 2013,04,Saturday,05,May,2,1,2013
2013/05/05,May 05 2013,05,Sunday,05,May,2,1,2013
2013/05/06,May 06 2013,06,Monday,05,May,2,1,2013
2013/05/07,May 07 2013,07,Tuesday,05,May,2,1,2013
2013/05/08,May 08 2013,08,Wednesday,05,May,2,1,2013
2013/05/09,May 09 2013,09,Thursday,05,May,2,1,2013
2013/05/10,May 10 2013,10,Friday,05,May,2,1,2013
2013/05/11,May 11 2013,11,Saturday,05,May,2,1,2013
2013/05/12,May 12 2013,12,Sunday,05,May,2,1,2013
2013/05/13,May 13 2013,13,Monday,05,May,2,1,2013
2013/05/14,May 14 2013,14,Tuesday,05,May,2,1,2013
2013/05/15,May 15 2013,15,Wednesday,05,May,2,1,2013
2013/05/16,May 16 2013,16,Thursday,05,May,2,1,2013
2013/05/17,May 17 2013,17,Friday,05,May,2,1,2013
2013/05/18,May 18 2013,18,Saturday,05,May,2,1,2013
2013/05/19,May 19 2013,19,Sunday,05,May,2,1,2013
2013/05/20,May 20 2013,20,Monday,05,May,2,1,2013
2013/05/21,May 21 2013,21,Tuesday,05,May,2,1,2013
2013/05/22,May 22 2013,22,Wednesday,05,May,2,1,2013
2013/05/23,May 23 2013,23,Thursday,05,May,2,1,2013
2013/05/24,May 24 2013,24,Friday,05,May,2,1,2013
2013/05/25,May 25 2013,25,Saturday,05,May,2,1,2013
2013/05/26,May 26 2013,26,Sunday,05,May,2,1,2013
2013/05/27,May 27 2013,27,Monday,05,May,2,1,2013
2013/05/28,May 28 2013,28,Tuesday,05,May,2,1,2013
2013/05/29,May 29 2013,29,Wednesday,05,May,2,1,2013
2013/05/30,May 30 2013,30,Thursday,05,May,2,1,2013
2013/05/31,May 31 2013,31,Friday,05,May,2,1,2013
2013/06/01,June 01 2013,01,Saturday,06,June,2,1,2013
2013/06/02,June 02 2013,02,Sunday,06,June,2,1,2013
2013/06/03,June 03 2013,03,Monday,06,June,2,1,2013
2013/06/04,June 04 2013,04,Tuesday,06,June,2,1,2013
2013/06/05,June 05 2013,05,Wednesday,06,June,2,1,2013
2013/06/06,June 06 2013,06,Thursday,06,June,2,1,2013
2013/06/07,June 07 2013,07,Friday,06,June,2,1,2013
2013/06/08,June 08 2013,08,Saturday,06,June,2,1,2013
2013/06/09,June 09 2013,09,Sunday,06,June,2,1,2013
2013/06/10,June 10 2013,10,Monday,06,June,2,1,2013
2013/06/11,June 11 2013,11,Tuesday,06,June,2,1,2013
2013/06/12,June 12 2013,12,Wednesday,06,June,2,1,2013
2013/06/13,June 13 2013,13,Thursday,06,June,2,1,2013
2013/06/14,June 14 2013,14,Friday,06,June,2,1,2013
2013/06/15,June 15 2013,15,Saturday,06,June,2,1,2013
2013/06/16,June 16 2013,16,Sunday,06,June,2,1,2013
2013/06/17,June 17 2013,17,Monday,06,June,2,1,2013
2013/06/18,June 18 2013,18,Tuesday,06,June,2,1,2013
2013/06/19,June 19 2013,19,Wednesday,06,June,2,1,2013
2013/06/20,June 20 2013,20,Thursday,06,June,2,1,2013
2013/06/21,June 21 2013,21,Friday,06,June,2,1,2013
2013/06/22,June 22 2013,22,Saturday,06,June,2,1,2013
2013/06/23,June 23 2013,23,Sunday,06,June,2,1,2013
2013/06/24,June 24 2013,24,Monday,06,June,2,1,2013
2013/06/25,June 25 2013,25,Tuesday,06,June,2,1,2013
2013/06/26,June 26 2013,26,Wednesday,06,June,2,1,2013
2013/06/27,June 27 2013,27,Thursday,06,June,2,1,2013
2013/06/28,June 28 2013,28,Friday,06,June,2,1,2013
2013/06/29,June 29 2013,29,Saturday,06,June,2,1,2013
2013/06/30,June 30 2013,30,Sunday,06,June,2,1,2013
2013/07/01,July 01 2013,01,Monday,07,July,3,2,2013
2013/07/02,July 02 2013,02,Tuesday,07,July,3,2,2013
2013/07/03,July 03 2013,03,Wednesday,07,July,3,2,2013
2013/07/04,July 04 2013,04,Thursday,07,July,3,2,2013
2013/07/05,July 05 2013,05,Friday,07,July,3,2,2013
2013/07/06,July 06 2013,06,Saturday,07,July,3,2,2013
2013/07/07,July 07 2013,07,Sunday,07,July,3,2,2013
2013/07/08,July 08 2013,08,Monday,07,July,3,2,2013
2013/07/09,July 09 2013,09,Tuesday,07,July,3,2,2013
2013/07/10,July 10 2013,10,Wednesday,07,July,3,2,2013
2013/07/11,July 11 2013,11,Thursday,07,July,3,2,2013
2013/07/12,July 12 2013,12,Friday,07,July,3,2,2013
2013/07/13,July 13 2013,13,Saturday,07,July,3,2,2013
2013/07/14,July 14 2013,14,Sunday,07,July,3,2,2013
2013/07/15,July 15 2013,15,Monday,07,July,3,2,2013
2013/07/16,July 16 2013,16,Tuesday,07,July,3,2,2013
2013/07/17,July 17 2013,17,Wednesday,07,July,3,2,2013
2013/07/18,July 18 2013,18,Thursday,07,July,3,2,2013
2013/07/19,July 19 2013,19,Friday,07,July,3,2,2013
2013/07/20,July 20 2013,20,Saturday,07,July,3,2,2013
2013/07/21,July 21 2013,21,Sunday,07,July,3,2,2013
2013/07/22,July 22 2013,22,Monday,07,July,3,2,2013
2013/07/23,July 23 2013,23,Tuesday,07,July,3,2,2013
2013/07/24,July 24 2013,24,Wednesday,07,July,3,2,2013
2013/07/25,July 25 2013,25,Thursday,07,July,3,2,2013
2013/07/26,July 26 2013,26,Friday,07,July,3,2,2013
2013/07/27,July 27 2013,27,Saturday,07,July,3,2,2013
2013/07/28,July 28 2013,28,Sunday,07,July,3,2,2013
2013/07/29,July 29 2013,29,Monday,07,July,3,2,2013
2013/07/30,July 30 2013,30,Tuesday,07,July,3,2,2013
2013/07/31,July 31 2013,31,Wednesday,07,July,3,2,2013
2013/08/01,August 01 2013,01,Thursday,08,August,3,2,2013
2013/08/02,August 02 2013,02,Friday,08,August,3,2,2013
2013/08/03,August 03 2013,03,Saturday,08,August,3,2,2013
2013/08/04,August 04 2013,04,Sunday,08,August,3,2,2013
2013/08/05,August 05 2013,05,Monday,08,August,3,2,2013
2013/08/06,August 06 2013,06,Tuesday,08,August,3,2,2013
2013/08/07,August 07 2013,07,Wednesday,08,August,3,2,2013
2013/08/08,August 08 2013,08,Thursday,08,August,3,2,2013
2013/08/09,August 09 2013,09,Friday,08,August,3,2,2013
2013/08/10,August 10 2013,10,Saturday,08,August,3,2,2013
2013/08/11,August 11 2013,11,Sunday,08,August,3,2,2013
2013/08/12,August 12 2013,12,Monday,08,August,3,2,2013
2013/08/13,August 13 2013,13,Tuesday,08,August,3,2,2013
2013/08/14,August 14 2013,14,Wednesday,08,August,3,2,2013
2013/08/15,August 15 2013,15,Thursday,08,August,3,2,2013
2013/08/16,August 16 2013,16,Friday,08,August,3,2,2013
2013/08/17,August 17 2013,17,Saturday,08,August,3,2,2013
2013/08/18,August 18 2013,18,Sunday,08,August,3,2,2013
2013/08/19,August 19 2013,19,Monday,08,August,3,2,2013
2013/08/20,August 20 2013,20,Tuesday,08,August,3,2,2013
2013/08/21,August 21 2013,21,Wednesday,08,August,3,2,2013
2013/08/22,August 22 2013,22,Thursday,08,August,3,2,2013
2013/08/23,August 23 2013,23,Friday,08,August,3,2,2013
2013/08/24,August 24 2013,24,Saturday,08,August,3,2,2013
2013/08/25,August 25 2013,25,Sunday,08,August,3,2,2013
2013/08/26,August 26 2013,26,Monday,08,August,3,2,2013
2013/08/27,August 27 2013,27,Tuesday,08,August,3,2,2013
2013/08/28,August 28 2013,28,Wednesday,08,August,3,2,2013
2013/08/29,August 29 2013,29,Thursday,08,August,3,2,2013
2013/08/30,August 30 2013,30,Friday,08,August,3,2,2013
2013/08/31,August 31 2013,31,Saturday,08,August,3,2,2013
2013/09/01,September 01 2013,01,Sunday,09,September,3,2,2013
2013/09/02,September 02 2013,02,Monday,09,September,3,2,2013
2013/09/03,September 03 2013,03,Tuesday,09,September,3,2,2013
2013/09/04,September 04 2013,04,Wednesday,09,September,3,2,2013
2013/09/05,September 05 2013,05,Thursday,09,September,3,2,2013
2013/09/06,September 06 2013,06,Friday,09,September,3,2,2013
2013/09/07,September 07 2013,07,Saturday,09,September,3,2,2013
2013/09/08,September 08 2013,08,Sunday,09,September,3,2,2013
2013/09/09,September 09 2013,09,Monday,09,September,3,2,2013
2013/09/10,September 10 2013,10,Tuesday,09,September,3,2,2013
2013/09/11,September 11 2013,11,Wednesday,09,September,3,2,2013
2013/09/12,September 12 2013,12,Thursday,09,September,3,2,2013
2013/09/13,September 13 2013,13,Friday,09,September,3,2,2013
2013/09/14,September 14 2013,14,Saturday,09,September,3,2,2013
2013/09/15,September 15 2013,15,Sunday,09,September,3,2,2013
2013/09/16,September 16 2013,16,Monday,09,September,3,2,2013
2013/09/17,September 17 2013,17,Tuesday,09,September,3,2,2013
2013/09/18,September 18 2013,18,Wednesday,09,September,3,2,2013
2013/09/19,September 19 2013,19,Thursday,09,September,3,2,2013
2013/09/20,September 20 2013,20,Friday,09,September,3,2,2013
2013/09/21,September 21 2013,21,Saturday,09,September,3,2,2013
2013/09/22,September 22 2013,22,Sunday,09,September,3,2,2013
2013/09/23,September 23 2013,23,Monday,09,September,3,2,2013
2013/09/24,September 24 2013,24,Tuesday,09,September,3,2,2013
2013/09/25,September 25 2013,25,Wednesday,09,September,3,2,2013
2013/09/26,September 26 2013,26,Thursday,09,September,3,2,2013
2013/09/27,September 27 2013,27,Friday,09,September,3,2,2013
2013/09/28,September 28 2013,28,Saturday,09,September,3,2,2013
2013/09/29,September 29 2013,29,Sunday,09,September,3,2,2013
2013/09/30,September 30 2013,30,Monday,09,September,3,2,2013
2013/10/01,October 01 2013,01,Tuesday,10,October,4,2,2013
2013/10/02,October 02 2013,02,Wednesday,10,October,4,2,2013
2013/10/03,October 03 2013,03,Thursday,10,October,4,2,2013
2013/10/04,October 04 2013,04,Friday,10,October,4,2,2013
2013/10/05,October 05 2013,05,Saturday,10,October,4,2,2013
2013/10/06,October 06 2013,06,Sunday,10,October,4,2,2013
2013/10/07,October 07 2013,07,Monday,10,October,4,2,2013
2013/10/08,October 08 2013,08,Tuesday,10,October,4,2,2013
2013/10/09,October 09 2013,09,Wednesday,10,October,4,2,2013
2013/10/10,October 10 2013,10,Thursday,10,October,4,2,2013
2013/10/11,October 11 2013,11,Friday,10,October,4,2,2013
2013/10/12,October 12 2013,12,Saturday,10,October,4,2,2013
2013/10/13,October 13 2013,13,Sunday,10,October,4,2,2013
2013/10/14,October 14 2013,14,Monday,10,October,4,2,2013
2013/10/15,October 15 2013,15,Tuesday,10,October,4,2,2013
2013/10/16,October 16 2013,16,Wednesday,10,October,4,2,2013
2013/10/17,October 17 2013,17,Thursday,10,October,4,2,2013
2013/10/18,October 18 2013,18,Friday,10,October,4,2,2013
2013/10/19,October 19 2013,19,Saturday,10,October,4,2,2013
2013/10/20,October 20 2013,20,Sunday,10,October,4,2,2013
2013/10/21,October 21 2013,21,Monday,10,October,4,2,2013
2013/10/22,October 22 2013,22,Tuesday,10,October,4,2,2013
2013/10/23,October 23 2013,23,Wednesday,10,October,4,2,2013
2013/10/24,October 24 2013,24,Thursday,10,October,4,2,2013
2013/10/25,October 25 2013,25,Friday,10,October,4,2,2013
2013/10/26,October 26 2013,26,Saturday,10,October,4,2,2013
2013/10/27,October 27 2013,27,Sunday,10,October,4,2,2013
2013/10/28,October 28 2013,28,Monday,10,October,4,2,2013
2013/10/29,October 29 2013,29,Tuesday,10,October,4,2,2013
2013/10/30,October 30 2013,30,Wednesday,10,October,4,2,2013
2013/10/31,October 31 2013,31,Thursday,10,October,4,2,2013
2013/11/01,November 01 2013,01,Friday,11,November,4,2,2013
2013/11/02,November 02 2013,02,Saturday,11,November,4,2,2013
2013/11/03,November 03 2013,03,Sunday,11,November,4,2,2013
2013/11/04,November 04 2013,04,Monday,11,November,4,2,2013
2013/11/05,November 05 2013,05,Tuesday,11,November,4,2,2013
2013/11/06,November 06 2013,06,Wednesday,11,November,4,2,2013
2013/11/07,November 07 2013,07,Thursday,11,November,4,2,2013
2013/11/08,November 08 2013,08,Friday,11,November,4,2,2013
2013/11/09,November 09 2013,09,Saturday,11,November,4,2,2013
2013/11/10,November 10 2013,10,Sunday,11,November,4,2,2013
2013/11/11,November 11 2013,11,Monday,11,November,4,2,2013
2013/11/12,November 12 2013,12,Tuesday,11,November,4,2,2013
2013/11/13,November 13 2013,13,Wednesday,11,November,4,2,2013
2013/11/14,November 14 2013,14,Thursday,11,November,4,2,2013
2013/11/15,November 15 2013,15,Friday,11,November,4,2,2013
2013/11/16,November 16 2013,16,Saturday,11,November,4,2,2013
2013/11/17,November 17 2013,17,Sunday,11,November,4,2,2013
2013/11/18,November 18 2013,18,Monday,11,November,4,2,2013
2013/11/19,November 19 2013,19,Tuesday,11,November,4,2,2013
2013/11/20,November 20 2013,20,Wednesday,11,November,4,2,2013
2013/11/21,November 21 2013,21,Thursday,11,November,4,2,2013
2013/11/22,November 22 2013,22,Friday,11,November,4,2,2013
2013/11/23,November 23 2013,23,Saturday,11,November,4,2,2013
2013/11/24,November 24 2013,24,Sunday,11,November,4,2,2013
2013/11/25,November 25 2013,25,Monday,11,November,4,2,2013
2013/11/26,November 26 2013,26,Tuesday,11,November,4,2,2013
2013/11/27,November 27 2013,27,Wednesday,11,November,4,2,2013
2013/11/28,November 28 2013,28,Thursday,11,November,4,2,2013
2013/11/29,November 29 2013,29,Friday,11,November,4,2,2013
2013/11/30,November 30 2013,30,Saturday,11,November,4,2,2013
2013/12/01,December 01 2013,01,Sunday,12,December,4,2,2013
2013/12/02,December 02 2013,02,Monday,12,December,4,2,2013
2013/12/03,December 03 2013,03,Tuesday,12,December,4,2,2013
2013/12/04,December 04 2013,04,Wednesday,12,December,4,2,2013
2013/12/05,December 05 2013,05,Thursday,12,December,4,2,2013
2013/12/06,December 06 2013,06,Friday,12,December,4,2,2013
2013/12/07,December 07 2013,07,Saturday,12,December,4,2,2013
2013/12/08,December 08 2013,08,Sunday,12,December,4,2,2013
2013/12/09,December 09 2013,09,Monday,12,December,4,2,2013
2013/12/10,December 10 2013,10,Tuesday,12,December,4,2,2013
2013/12/11,December 11 2013,11,Wednesday,12,December,4,2,2013
2013/12/12,December 12 2013,12,Thursday,12,December,4,2,2013
2013/12/13,December 13 2013,13,Friday,12,December,4,2,2013
2013/12/14,December 14 2013,14,Saturday,12,December,4,2,2013
2013/12/15,December 15 2013,15,Sunday,12,December,4,2,2013
2013/12/16,December 16 2013,16,Monday,12,December,4,2,2013
2013/12/17,December 17 2013,17,Tuesday,12,December,4,2,2013
2013/12/18,December 18 2013,18,Wednesday,12,December,4,2,2013
2013/12/19,December 19 2013,19,Thursday,12,December,4,2,2013
2013/12/20,December 20 2013,20,Friday,12,December,4,2,2013
2013/12/21,December 21 2013,21,Saturday,12,December,4,2,2013
2013/12/22,December 22 2013,22,Sunday,12,December,4,2,2013
2013/12/23,December 23 2013,23,Monday,12,December,4,2,2013
2013/12/24,December 24 2013,24,Tuesday,12,December,4,2,2013
2013/12/25,December 25 2013,25,Wednesday,12,December,4,2,2013
2013/12/26,December 26 2013,26,Thursday,12,December,4,2,2013
2013/12/27,December 27 2013,27,Friday,12,December,4,2,2013
2013/12/28,December 28 2013,28,Saturday,12,December,4,2,2013
2013/12/29,December 29 2013,29,Sunday,12,December,4,2,2013
2013/12/30,December 30 2013,30,Monday,12,December,4,2,2013
2013/12/31,December 31 2013,31,Tuesday,12,December,4,2,2013
2014/01/01,January 01 2014,01,Wednesday,01,January,1,1,2014
2014/01/02,January 02 2014,02,Thursday,01,January,1,1,2014
2014/01/03,January 03 2014,03,Friday,01,January,1,1,2014
2014/01/04,January 04 2014,04,Saturday,01,January,1,1,2014
2014/01/05,January 05 2014,05,Sunday,01,January,1,1,2014
2014/01/06,January 06 2014,06,Monday,01,January,1,1,2014
2014/01/07,January 07 2014,07,Tuesday,01,January,1,1,2014
2014/01/08,January 08 2014,08,Wednesday,01,January,1,1,2014
2014/01/09,January 09 2014,09,Thursday,01,January,1,1,2014
2014/01/10,January 10 2014,10,Friday,01,January,1,1,2014
2014/01/11,January 11 2014,11,Saturday,01,January,1,1,2014
2014/01/12,January 12 2014,12,Sunday,01,January,1,1,2014
2014/01/13,January 13 2014,13,Monday,01,January,1,1,2014
2014/01/14,January 14 2014,14,Tuesday,01,January,1,1,2014
2014/01/15,January 15 2014,15,Wednesday,01,January,1,1,2014
2014/01/16,January 16 2014,16,Thursday,01,January,1,1,2014
2014/01/17,January 17 2014,17,Friday,01,January,1,1,2014
2014/01/18,January 18 2014,18,Saturday,01,January,1,1,2014
2014/01/19,January 19 2014,19,Sunday,01,January,1,1,2014
2014/01/20,January 20 2014,20,Monday,01,January,1,1,2014
2014/01/21,January 21 2014,21,Tuesday,01,January,1,1,2014
2014/01/22,January 22 2014,22,Wednesday,01,January,1,1,2014
2014/01/23,January 23 2014,23,Thursday,01,January,1,1,2014
2014/01/24,January 24 2014,24,Friday,01,January,1,1,2014
2014/01/25,January 25 2014,25,Saturday,01,January,1,1,2014
2014/01/26,January 26 2014,26,Sunday,01,January,1,1,2014
2014/01/27,January 27 2014,27,Monday,01,January,1,1,2014
2014/01/28,January 28 2014,28,Tuesday,01,January,1,1,2014
2014/01/29,January 29 2014,29,Wednesday,01,January,1,1,2014
2014/01/30,January 30 2014,30,Thursday,01,January,1,1,2014
2014/01/31,January 31 2014,31,Friday,01,January,1,1,2014
2014/02/01,February 01 2014,01,Saturday,02,February,1,1,2014
2014/02/02,February 02 2014,02,Sunday,02,February,1,1,2014
2014/02/03,February 03 2014,03,Monday,02,February,1,1,2014
2014/02/04,February 04 2014,04,Tuesday,02,February,1,1,2014
2014/02/05,February 05 2014,05,Wednesday,02,February,1,1,2014
2014/02/06,February 06 2014,06,Thursday,02,February,1,1,2014
2014/02/07,February 07 2014,07,Friday,02,February,1,1,2014
2014/02/08,February 08 2014,08,Saturday,02,February,1,1,2014
2014/02/09,February 09 2014,09,Sunday,02,February,1,1,2014
2014/02/10,February 10 2014,10,Monday,02,February,1,1,2014
2014/02/11,February 11 2014,11,Tuesday,02,February,1,1,2014
2014/02/12,February 12 2014,12,Wednesday,02,February,1,1,2014
2014/02/13,February 13 2014,13,Thursday,02,February,1,1,2014
2014/02/14,February 14 2014,14,Friday,02,February,1,1,2014
2014/02/15,February 15 2014,15,Saturday,02,February,1,1,2014
2014/02/16,February 16 2014,16,Sunday,02,February,1,1,2014
2014/02/17,February 17 2014,17,Monday,02,February,1,1,2014
2014/02/18,February 18 2014,18,Tuesday,02,February,1,1,2014
2014/02/19,February 19 2014,19,Wednesday,02,February,1,1,2014
2014/02/20,February 20 2014,20,Thursday,02,February,1,1,2014
2014/02/21,February 21 2014,21,Friday,02,February,1,1,2014
2014/02/22,February 22 2014,22,Saturday,02,February,1,1,2014
2014/02/23,February 23 2014,23,Sunday,02,February,1,1,2014
2014/02/24,February 24 2014,24,Monday,02,February,1,1,2014
2014/02/25,February 25 2014,25,Tuesday,02,February,1,1,2014
2014/02/26,February 26 2014,26,Wednesday,02,February,1,1,2014
2014/02/27,February 27 2014,27,Thursday,02,February,1,1,2014
2014/02/28,February 28 2014,28,Friday,02,February,1,1,2014
2014/03/01,March 01 2014,01,Saturday,03,March,1,1,2014
2014/03/02,March 02 2014,02,Sunday,03,March,1,1,2014
2014/03/03,March 03 2014,03,Monday,03,March,1,1,2014
2014/03/04,March 04 2014,04,Tuesday,03,March,1,1,2014
2014/03/05,March 05 2014,05,Wednesday,03,March,1,1,2014
2014/03/06,March 06 2014,06,Thursday,03,March,1,1,2014
2014/03/07,March 07 2014,07,Friday,03,March,1,1,2014
2014/03/08,March 08 2014,08,Saturday,03,March,1,1,2014
2014/03/09,March 09 2014,09,Sunday,03,March,1,1,2014
2014/03/10,March 10 2014,10,Monday,03,March,1,1,2014
2014/03/11,March 11 2014,11,Tuesday,03,March,1,1,2014
2014/03/12,March 12 2014,12,Wednesday,03,March,1,1,2014
2014/03/13,March 13 2014,13,Thursday,03,March,1,1,2014
2014/03/14,March 14 2014,14,Friday,03,March,1,1,2014
2014/03/15,March 15 2014,15,Saturday,03,March,1,1,2014
2014/03/16,March 16 2014,16,Sunday,03,March,1,1,2014
2014/03/17,March 17 2014,17,Monday,03,March,1,1,2014
2014/03/18,March 18 2014,18,Tuesday,03,March,1,1,2014
2014/03/19,March 19 2014,19,Wednesday,03,March,1,1,2014
2014/03/20,March 20 2014,20,Thursday,03,March,1,1,2014
2014/03/21,March 21 2014,21,Friday,03,March,1,1,2014
2014/03/22,March 22 2014,22,Saturday,03,March,1,1,2014
2014/03/23,March 23 2014,23,Sunday,03,March,1,1,2014
2014/03/24,March 24 2014,24,Monday,03,March,1,1,2014
2014/03/25,March 25 2014,25,Tuesday,03,March,1,1,2014
2014/03/26,March 26 2014,26,Wednesday,03,March,1,1,2014
2014/03/27,March 27 2014,27,Thursday,03,March,1,1,2014
2014/03/28,March 28 2014,28,Friday,03,March,1,1,2014
2014/03/29,March 29 2014,29,Saturday,03,March,1,1,2014
2014/03/30,March 30 2014,30,Sunday,03,March,1,1,2014
2014/03/31,March 31 2014,31,Monday,03,March,1,1,2014
2014/04/01,April 01 2014,01,Tuesday,04,April,2,1,2014
2014/04/02,April 02 2014,02,Wednesday,04,April,2,1,2014
2014/04/03,April 03 2014,03,Thursday,04,April,2,1,2014
2014/04/04,April 04 2014,04,Friday,04,April,2,1,2014
2014/04/05,April 05 2014,05,Saturday,04,April,2,1,2014
2014/04/06,April 06 2014,06,Sunday,04,April,2,1,2014
2014/04/07,April 07 2014,07,Monday,04,April,2,1,2014
2014/04/08,April 08 2014,08,Tuesday,04,April,2,1,2014
2014/04/09,April 09 2014,09,Wednesday,04,April,2,1,2014
2014/04/10,April 10 2014,10,Thursday,04,April,2,1,2014
2014/04/11,April 11 2014,11,Friday,04,April,2,1,2014
2014/04/12,April 12 2014,12,Saturday,04,April,2,1,2014
2014/04/13,April 13 2014,13,Sunday,04,April,2,1,2014
2014/04/14,April 14 2014,14,Monday,04,April,2,1,2014
2014/04/15,April 15 2014,15,Tuesday,04,April,2,1,2014
2014/04/16,April 16 2014,16,Wednesday,04,April,2,1,2014
2014/04/17,April 17 2014,17,Thursday,04,April,2,1,2014
2014/04/18,April 18 2014,18,Friday,04,April,2,1,2014
2014/04/19,April 19 2014,19,Saturday,04,April,2,1,2014
2014/04/20,April 20 2014,20,Sunday,04,April,2,1,2014
2014/04/21,April 21 2014,21,Monday,04,April,2,1,2014
2014/04/22,April 22 2014,22,Tuesday,04,April,2,1,2014
2014/04/23,April 23 2014,23,Wednesday,04,April,2,1,2014
2014/04/24,April 24 2014,24,Thursday,04,April,2,1,2014
2014/04/25,April 25 2014,25,Friday,04,April,2,1,2014
2014/04/26,April 26 2014,26,Saturday,04,April,2,1,2014
2014/04/27,April 27 2014,27,Sunday,04,April,2,1,2014
2014/04/28,April 28 2014,28,Monday,04,April,2,1,2014
2014/04/29,April 29 2014,29,Tuesday,04,April,2,1,2014
2014/04/30,April 30 2014,30,Wednesday,04,April,2,1,2014
2014/05/01,May 01 2014,01,Thursday,05,May,2,1,2014
2014/05/02,May 02 2014,02,Friday,05,May,2,1,2014
2014/05/03,May 03 2014,03,Saturday,05,May,2,1,2014
2014/05/04,May 04 2014,04,Sunday,05,May,2,1,2014
2014/05/05,May 05 2014,05,Monday,05,May,2,1,2014
2014/05/06,May 06 2014,06,Tuesday,05,May,2,1,2014
2014/05/07,May 07 2014,07,Wednesday,05,May,2,1,2014
2014/05/08,May 08 2014,08,Thursday,05,May,2,1,2014
2014/05/09,May 09 2014,09,Friday,05,May,2,1,2014
2014/05/10,May 10 2014,10,Saturday,05,May,2,1,2014
2014/05/11,May 11 2014,11,Sunday,05,May,2,1,2014
2014/05/12,May 12 2014,12,Monday,05,May,2,1,2014
2014/05/13,May 13 2014,13,Tuesday,05,May,2,1,2014
2014/05/14,May 14 2014,14,Wednesday,05,May,2,1,2014
2014/05/15,May 15 2014,15,Thursday,05,May,2,1,2014
2014/05/16,May 16 2014,16,Friday,05,May,2,1,2014
2014/05/17,May 17 2014,17,Saturday,05,May,2,1,2014
2014/05/18,May 18 2014,18,Sunday,05,May,2,1,2014
2014/05/19,May 19 2014,19,Monday,05,May,2,1,2014
2014/05/20,May 20 2014,20,Tuesday,05,May,2,1,2014
2014/05/21,May 21 2014,21,Wednesday,05,May,2,1,2014
2014/05/22,May 22 2014,22,Thursday,05,May,2,1,2014
2014/05/23,May 23 2014,23,Friday,05,May,2,1,2014
2014/05/24,May 24 2014,24,Saturday,05,May,2,1,2014
2014/05/25,May 25 2014,25,Sunday,05,May,2,1,2014
2014/05/26,May 26 2014,26,Monday,05,May,2,1,2014
2014/05/27,May 27 2014,27,Tuesday,05,May,2,1,2014
2014/05/28,May 28 2014,28,Wednesday,05,May,2,1,2014
2014/05/29,May 29 2014,29,Thursday,05,May,2,1,2014
2014/05/30,May 30 2014,30,Friday,05,May,2,1,2014
2014/05/31,May 31 2014,31,Saturday,05,May,2,1,2014
2014/06/01,June 01 2014,01,Sunday,06,June,2,1,2014
2014/06/02,June 02 2014,02,Monday,06,June,2,1,2014
2014/06/03,June 03 2014,03,Tuesday,06,June,2,1,2014
2014/06/04,June 04 2014,04,Wednesday,06,June,2,1,2014
2014/06/05,June 05 2014,05,Thursday,06,June,2,1,2014
2014/06/06,June 06 2014,06,Friday,06,June,2,1,2014
2014/06/07,June 07 2014,07,Saturday,06,June,2,1,2014
2014/06/08,June 08 2014,08,Sunday,06,June,2,1,2014
2014/06/09,June 09 2014,09,Monday,06,June,2,1,2014
2014/06/10,June 10 2014,10,Tuesday,06,June,2,1,2014
2014/06/11,June 11 2014,11,Wednesday,06,June,2,1,2014
2014/06/12,June 12 2014,12,Thursday,06,June,2,1,2014
2014/06/13,June 13 2014,13,Friday,06,June,2,1,2014
2014/06/14,June 14 2014,14,Saturday,06,June,2,1,2014
2014/06/15,June 15 2014,15,Sunday,06,June,2,1,2014
2014/06/16,June 16 2014,16,Monday,06,June,2,1,2014
2014/06/17,June 17 2014,17,Tuesday,06,June,2,1,2014
2014/06/18,June 18 2014,18,Wednesday,06,June,2,1,2014
2014/06/19,June 19 2014,19,Thursday,06,June,2,1,2014
2014/06/20,June 20 2014,20,Friday,06,June,2,1,2014
2014/06/21,June 21 2014,21,Saturday,06,June,2,1,2014
2014/06/22,June 22 2014,22,Sunday,06,June,2,1,2014
2014/06/23,June 23 2014,23,Monday,06,June,2,1,2014
2014/06/24,June 24 2014,24,Tuesday,06,June,2,1,2014
2014/06/25,June 25 2014,25,Wednesday,06,June,2,1,2014
2014/06/26,June 26 2014,26,Thursday,06,June,2,1,2014
2014/06/27,June 27 2014,27,Friday,06,June,2,1,2014
2014/06/28,June 28 2014,28,Saturday,06,June,2,1,2014
2014/06/29,June 29 2014,29,Sunday,06,June,2,1,2014
2014/06/30,June 30 2014,30,Monday,06,June,2,1,2014
2014/07/01,July 01 2014,01,Tuesday,07,July,3,2,2014
2014/07/02,July 02 2014,02,Wednesday,07,July,3,2,2014
2014/07/03,July 03 2014,03,Thursday,07,July,3,2,2014
2014/07/04,July 04 2014,04,Friday,07,July,3,2,2014
2014/07/05,July 05 2014,05,Saturday,07,July,3,2,2014
2014/07/06,July 06 2014,06,Sunday,07,July,3,2,2014
2014/07/07,July 07 2014,07,Monday,07,July,3,2,2014
2014/07/08,July 08 2014,08,Tuesday,07,July,3,2,2014
2014/07/09,July 09 2014,09,Wednesday,07,July,3,2,2014
2014/07/10,July 10 2014,10,Thursday,07,July,3,2,2014
2014/07/11,July 11 2014,11,Friday,07,July,3,2,2014
2014/07/12,July 12 2014,12,Saturday,07,July,3,2,2014
2014/07/13,July 13 2014,13,Sunday,07,July,3,2,2014
2014/07/14,July 14 2014,14,Monday,07,July,3,2,2014
2014/07/15,July 15 2014,15,Tuesday,07,July,3,2,2014
2014/07/16,July 16 2014,16,Wednesday,07,July,3,2,2014
2014/07/17,July 17 2014,17,Thursday,07,July,3,2,2014
2014/07/18,July 18 2014,18,Friday,07,July,3,2,2014
2014/07/19,July 19 2014,19,Saturday,07,July,3,2,2014
2014/07/20,July 20 2014,20,Sunday,07,July,3,2,2014
2014/07/21,July 21 2014,21,Monday,07,July,3,2,2014
2014/07/22,July 22 2014,22,Tuesday,07,July,3,2,2014
2014/07/23,July 23 2014,23,Wednesday,07,July,3,2,2014
2014/07/24,July 24 2014,24,Thursday,07,July,3,2,2014
2014/07/25,July 25 2014,25,Friday,07,July,3,2,2014
2014/07/26,July 26 2014,26,Saturday,07,July,3,2,2014
2014/07/27,July 27 2014,27,Sunday,07,July,3,2,2014
2014/07/28,July 28 2014,28,Monday,07,July,3,2,2014
2014/07/29,July 29 2014,29,Tuesday,07,July,3,2,2014
2014/07/30,July 30 2014,30,Wednesday,07,July,3,2,2014
2014/07/31,July 31 2014,31,Thursday,07,July,3,2,2014
2014/08/01,August 01 2014,01,Friday,08,August,3,2,2014
2014/08/02,August 02 2014,02,Saturday,08,August,3,2,2014
2014/08/03,August 03 2014,03,Sunday,08,August,3,2,2014
2014/08/04,August 04 2014,04,Monday,08,August,3,2,2014
2014/08/05,August 05 2014,05,Tuesday,08,August,3,2,2014
2014/08/06,August 06 2014,06,Wednesday,08,August,3,2,2014
2014/08/07,August 07 2014,07,Thursday,08,August,3,2,2014
2014/08/08,August 08 2014,08,Friday,08,August,3,2,2014
2014/08/09,August 09 2014,09,Saturday,08,August,3,2,2014
2014/08/10,August 10 2014,10,Sunday,08,August,3,2,2014
2014/08/11,August 11 2014,11,Monday,08,August,3,2,2014
2014/08/12,August 12 2014,12,Tuesday,08,August,3,2,2014
2014/08/13,August 13 2014,13,Wednesday,08,August,3,2,2014
2014/08/14,August 14 2014,14,Thursday,08,August,3,2,2014
2014/08/15,August 15 2014,15,Friday,08,August,3,2,2014
2014/08/16,August 16 2014,16,Saturday,08,August,3,2,2014
2014/08/17,August 17 2014,17,Sunday,08,August,3,2,2014
2014/08/18,August 18 2014,18,Monday,08,August,3,2,2014
2014/08/19,August 19 2014,19,Tuesday,08,August,3,2,2014
2014/08/20,August 20 2014,20,Wednesday,08,August,3,2,2014
2014/08/21,August 21 2014,21,Thursday,08,August,3,2,2014
2014/08/22,August 22 2014,22,Friday,08,August,3,2,2014
2014/08/23,August 23 2014,23,Saturday,08,August,3,2,2014
2014/08/24,August 24 2014,24,Sunday,08,August,3,2,2014
2014/08/25,August 25 2014,25,Monday,08,August,3,2,2014
2014/08/26,August 26 2014,26,Tuesday,08,August,3,2,2014
2014/08/27,August 27 2014,27,Wednesday,08,August,3,2,2014
2014/08/28,August 28 2014,28,Thursday,08,August,3,2,2014
2014/08/29,August 29 2014,29,Friday,08,August,3,2,2014
2014/08/30,August 30 2014,30,Saturday,08,August,3,2,2014
2014/08/31,August 31 2014,31,Sunday,08,August,3,2,2014
2014/09/01,September 01 2014,01,Monday,09,September,3,2,2014
2014/09/02,September 02 2014,02,Tuesday,09,September,3,2,2014
2014/09/03,September 03 2014,03,Wednesday,09,September,3,2,2014
2014/09/04,September 04 2014,04,Thursday,09,September,3,2,2014
2014/09/05,September 05 2014,05,Friday,09,September,3,2,2014
2014/09/06,September 06 2014,06,Saturday,09,September,3,2,2014
2014/09/07,September 07 2014,07,Sunday,09,September,3,2,2014
2014/09/08,September 08 2014,08,Monday,09,September,3,2,2014
2014/09/09,September 09 2014,09,Tuesday,09,September,3,2,2014
2014/09/10,September 10 2014,10,Wednesday,09,September,3,2,2014
2014/09/11,September 11 2014,11,Thursday,09,September,3,2,2014
2014/09/12,September 12 2014,12,Friday,09,September,3,2,2014
2014/09/13,September 13 2014,13,Saturday,09,September,3,2,2014
2014/09/14,September 14 2014,14,Sunday,09,September,3,2,2014
2014/09/15,September 15 2014,15,Monday,09,September,3,2,2014
2014/09/16,September 16 2014,16,Tuesday,09,September,3,2,2014
2014/09/17,September 17 2014,17,Wednesday,09,September,3,2,2014
2014/09/18,September 18 2014,18,Thursday,09,September,3,2,2014
2014/09/19,September 19 2014,19,Friday,09,September,3,2,2014
2014/09/20,September 20 2014,20,Saturday,09,September,3,2,2014
2014/09/21,September 21 2014,21,Sunday,09,September,3,2,2014
2014/09/22,September 22 2014,22,Monday,09,September,3,2,2014
2014/09/23,September 23 2014,23,Tuesday,09,September,3,2,2014
2014/09/24,September 24 2014,24,Wednesday,09,September,3,2,2014
2014/09/25,September 25 2014,25,Thursday,09,September,3,2,2014
2014/09/26,September 26 2014,26,Friday,09,September,3,2,2014
2014/09/27,September 27 2014,27,Saturday,09,September,3,2,2014
2014/09/28,September 28 2014,28,Sunday,09,September,3,2,2014
2014/09/29,September 29 2014,29,Monday,09,September,3,2,2014
2014/09/30,September 30 2014,30,Tuesday,09,September,3,2,2014
2014/10/01,October 01 2014,01,Wednesday,10,October,4,2,2014
2014/10/02,October 02 2014,02,Thursday,10,October,4,2,2014
2014/10/03,October 03 2014,03,Friday,10,October,4,2,2014
2014/10/04,October 04 2014,04,Saturday,10,October,4,2,2014
2014/10/05,October 05 2014,05,Sunday,10,October,4,2,2014
2014/10/06,October 06 2014,06,Monday,10,October,4,2,2014
2014/10/07,October 07 2014,07,Tuesday,10,October,4,2,2014
2014/10/08,October 08 2014,08,Wednesday,10,October,4,2,2014
2014/10/09,October 09 2014,09,Thursday,10,October,4,2,2014
2014/10/10,October 10 2014,10,Friday,10,October,4,2,2014
2014/10/11,October 11 2014,11,Saturday,10,October,4,2,2014
2014/10/12,October 12 2014,12,Sunday,10,October,4,2,2014
2014/10/13,October 13 2014,13,Monday,10,October,4,2,2014
2014/10/14,October 14 2014,14,Tuesday,10,October,4,2,2014
2014/10/15,October 15 2014,15,Wednesday,10,October,4,2,2014
2014/10/16,October 16 2014,16,Thursday,10,October,4,2,2014
2014/10/17,October 17 2014,17,Friday,10,October,4,2,2014
2014/10/18,October 18 2014,18,Saturday,10,October,4,2,2014
2014/10/19,October 19 2014,19,Sunday,10,October,4,2,2014
2014/10/20,October 20 2014,20,Monday,10,October,4,2,2014
2014/10/21,October 21 2014,21,Tuesday,10,October,4,2,2014
2014/10/22,October 22 2014,22,Wednesday,10,October,4,2,2014
2014/10/23,October 23 2014,23,Thursday,10,October,4,2,2014
2014/10/24,October 24 2014,24,Friday,10,October,4,2,2014
2014/10/25,October 25 2014,25,Saturday,10,October,4,2,2014
2014/10/26,October 26 2014,26,Sunday,10,October,4,2,2014
2014/10/27,October 27 2014,27,Monday,10,October,4,2,2014
2014/10/28,October 28 2014,28,Tuesday,10,October,4,2,2014
2014/10/29,October 29 2014,29,Wednesday,10,October,4,2,2014
2014/10/30,October 30 2014,30,Thursday,10,October,4,2,2014
2014/10/31,October 31 2014,31,Friday,10,October,4,2,2014
2014/11/01,November 01 2014,01,Saturday,11,November,4,2,2014
2014/11/02,November 02 2014,02,Sunday,11,November,4,2,2014
2014/11/03,November 03 2014,03,Monday,11,November,4,2,2014
2014/11/04,November 04 2014,04,Tuesday,11,November,4,2,2014
2014/11/05,November 05 2014,05,Wednesday,11,November,4,2,2014
2014/11/06,November 06 2014,06,Thursday,11,November,4,2,2014
2014/11/07,November 07 2014,07,Friday,11,November,4,2,2014
2014/11/08,November 08 2014,08,Saturday,11,November,4,2,2014
2014/11/09,November 09 2014,09,Sunday,11,November,4,2,2014
2014/11/10,November 10 2014,10,Monday,11,November,4,2,2014
2014/11/11,November 11 2014,11,Tuesday,11,November,4,2,2014
2014/11/12,November 12 2014,12,Wednesday,11,November,4,2,2014
2014/11/13,November 13 2014,13,Thursday,11,November,4,2,2014
2014/11/14,November 14 2014,14,Friday,11,November,4,2,2014
2014/11/15,November 15 2014,15,Saturday,11,November,4,2,2014
2014/11/16,November 16 2014,16,Sunday,11,November,4,2,2014
2014/11/17,November 17 2014,17,Monday,11,November,4,2,2014
2014/11/18,November 18 2014,18,Tuesday,11,November,4,2,2014
2014/11/19,November 19 2014,19,Wednesday,11,November,4,2,2014
2014/11/20,November 20 2014,20,Thursday,11,November,4,2,2014
2014/11/21,November 21 2014,21,Friday,11,November,4,2,2014
2014/11/22,November 22 2014,22,Saturday,11,November,4,2,2014
2014/11/23,November 23 2014,23,Sunday,11,November,4,2,2014
2014/11/24,November 24 2014,24,Monday,11,November,4,2,2014
2014/11/25,November 25 2014,25,Tuesday,11,November,4,2,2014
2014/11/26,November 26 2014,26,Wednesday,11,November,4,2,2014
2014/11/27,November 27 2014,27,Thursday,11,November,4,2,2014
2014/11/28,November 28 2014,28,Friday,11,November,4,2,2014
2014/11/29,November 29 2014,29,Saturday,11,November,4,2,2014
2014/11/30,November 30 2014,30,Sunday,11,November,4,2,2014
2014/12/01,December 01 2014,01,Monday,12,December,4,2,2014
2014/12/02,December 02 2014,02,Tuesday,12,December,4,2,2014
2014/12/03,December 03 2014,03,Wednesday,12,December,4,2,2014
2014/12/04,December 04 2014,04,Thursday,12,December,4,2,2014
2014/12/05,December 05 2014,05,Friday,12,December,4,2,2014
2014/12/06,December 06 2014,06,Saturday,12,December,4,2,2014
2014/12/07,December 07 2014,07,Sunday,12,December,4,2,2014
2014/12/08,December 08 2014,08,Monday,12,December,4,2,2014
2014/12/09,December 09 2014,09,Tuesday,12,December,4,2,2014
2014/12/10,December 10 2014,10,Wednesday,12,December,4,2,2014
2014/12/11,December 11 2014,11,Thursday,12,December,4,2,2014
2014/12/12,December 12 2014,12,Friday,12,December,4,2,2014
2014/12/13,December 13 2014,13,Saturday,12,December,4,2,2014
2014/12/14,December 14 2014,14,Sunday,12,December,4,2,2014
2014/12/15,December 15 2014,15,Monday,12,December,4,2,2014
2014/12/16,December 16 2014,16,Tuesday,12,December,4,2,2014
2014/12/17,December 17 2014,17,Wednesday,12,December,4,2,2014
2014/12/18,December 18 2014,18,Thursday,12,December,4,2,2014
2014/12/19,December 19 2014,19,Friday,12,December,4,2,2014
2014/12/20,December 20 2014,20,Saturday,12,December,4,2,2014
2014/12/21,December 21 2014,21,Sunday,12,December,4,2,2014
2014/12/22,December 22 2014,22,Monday,12,December,4,2,2014
2014/12/23,December 23 2014,23,Tuesday,12,December,4,2,2014
2014/12/24,December 24 2014,24,Wednesday,12,December,4,2,2014
2014/12/25,December 25 2014,25,Thursday,12,December,4,2,2014
2014/12/26,December 26 2014,26,Friday,12,December,4,2,2014
2014/12/27,December 27 2014,27,Saturday,12,December,4,2,2014
2014/12/28,December 28 2014,28,Sunday,12,December,4,2,2014
2014/12/29,December 29 2014,29,Monday,12,December,4,2,2014
2014/12/30,December 30 2014,30,Tuesday,12,December,4,2,2014
2014/12/31,December 31 2014,31,Wednesday,12,December,4,2,2014
